<?xml version="1.0" encoding="utf-8" standalone="no"?>
<!DOCTYPE properties SYSTEM "http://java.sun.com/dtd/properties.dtd">
<properties>
<comment>FileVault Package Properties</comment>
<entry key="buildCount">1</entry>
<entry key="version">0.0.1-SNAPSHOT</entry>
<entry key="dependencies" />
<entry key="packageFormatVersion">2</entry>
<entry key="description">Practise6.4_AEM Content Package</entry>
<entry key="group">my-packages</entry>
<entry key="name">practise-6.4-project</entry>
<entry key="path">/etc/packages/my-packages/practise-6.4-project-0.0.1-SNAPSHOT.zip</entry>
</properties>
